{
  "name": "paper-fab",
  "private": true,
  "dependencies": {
    "polymer": "Polymer/polymer#^0.5",
    "core-icon": "Polymer/core-icon#^0.5",
    "core-icons": "Polymer/core-icons#^0.5",
    "paper-button": "Polymer/paper-button#^0.5",
    "paper-ripple": "Polymer/paper-ripple#^0.5",
    "paper-shadow": "Polymer/paper-shadow#^0.5"
  },
  "devDependencies": {
    "web-component-tester": "Polymer/web-component-tester#^1.1.4"
  },
  "version": "0.5.5",
  "homepage": "https://github.com/Polymer/paper-fab",
  "_release": "0.5.5",
  "_resolution": {
    "type": "version",
    "tag": "0.5.5",
    "commit": "3deb86393a6a505d13a4a0d20b92b3cf378befda"
  },
  "_source": "git://github.com/Polymer/paper-fab.git",
  "_target": "^0.5",
  "_originalSource": "Polymer/paper-fab"
}