{
  "name": "core-overlay",
  "private": true,
  "dependencies": {
    "polymer": "Polymer/polymer#^0.5",
    "core-transition": "Polymer/core-transition#^0.5",
    "core-resizable": "Polymer/core-resizable#^0.5"
  },
  "version": "0.5.5",
  "homepage": "https://github.com/Polymer/core-overlay",
  "_release": "0.5.5",
  "_resolution": {
    "type": "version",
    "tag": "0.5.5",
    "commit": "3a05719e072dcd5e7afd1391758635ce4e2d882b"
  },
  "_source": "git://github.com/Polymer/core-overlay.git",
  "_target": "^0.5",
  "_originalSource": "Polymer/core-overlay"
}