{
  "name": "core-selection",
  "private": true,
  "dependencies": {
    "polymer": "Polymer/polymer#^0.5"
  },
  "devDependencies": {
    "web-component-tester": "Polymer/web-component-tester#^1.1.0"
  },
  "version": "0.5.5",
  "homepage": "https://github.com/Polymer/core-selection",
  "_release": "0.5.5",
  "_resolution": {
    "type": "version",
    "tag": "0.5.5",
    "commit": "f1adb28dba9367c2df5e7701ab6f77e7ed755152"
  },
  "_source": "git://github.com/Polymer/core-selection.git",
  "_target": "^0.5",
  "_originalSource": "Polymer/core-selection"
}