{
  "name": "core-dropdown",
  "private": false,
  "dependencies": {
    "polymer": "Polymer/polymer#^0.5",
    "core-collapse": "Polymer/core-collapse#^0.5",
    "core-icon-button": "Polymer/core-icon-button#^0.5",
    "core-icons": "Polymer/core-icons#^0.5",
    "core-overlay": "Polymer/core-overlay#^0.5"
  },
  "devDependencies": {
    "web-component-tester": "*"
  },
  "version": "0.5.5",
  "homepage": "https://github.com/Polymer/core-dropdown",
  "_release": "0.5.5",
  "_resolution": {
    "type": "version",
    "tag": "0.5.5",
    "commit": "2cdec998550174c318f74631784791d86d184361"
  },
  "_source": "git://github.com/Polymer/core-dropdown.git",
  "_target": "^0.5",
  "_originalSource": "Polymer/core-dropdown"
}